circuitId,circuitRef,name,location,country,alt
1,albert_park,Albert Park Grand Prix Circuit,Melbourne,Australia,10
2,sepang,Sepang International Circuit,Kuala Lumpur,Malaysia,18
3,bahrain,Bahrain International Circuit,Sakhir,Bahrain,7
4,catalunya,Circuit de Barcelona-Catalunya,Montmeló,Spain,109
5,istanbul,Istanbul Park,Istanbul,Turkey,130
6,monaco,Circuit de Monaco,Monte-Carlo,Monaco,7
7,villeneuve,Circuit Gilles Villeneuve,Montreal,Canada,13
8,magny_cours,Circuit de Nevers Magny-Cours,Magny Cours,France,228
9,silverstone,Silverstone Circuit,Silverstone,UK,153
10,hockenheimring,Hockenheimring,Hockenheim,Germany,103
11,hungaroring,Hungaroring,Budapest,Hungary,264
12,valencia,Valencia Street Circuit,Valencia,Spain,4
13,spa,Circuit de Spa-Francorchamps,Spa,Belgium,401
14,monza,Autodromo Nazionale di Monza,Monza,Italy,162
15,marina_bay,Marina Bay Street Circuit,Marina Bay,Singapore,18
16,fuji,Fuji Speedway,Oyama,Japan,583
17,shanghai,Shanghai International Circuit,Shanghai,China,5
18,interlagos,Autodromo Jose Carlos Pace,São Paulo,Brazil,785
19,indianapolis,Indianapolis Motor Speedway,Indianapolis,USA,223
20,nurburgring,Nurburgring,Nürburg,Germany,578
21,imola,Autodromo Enzo e Dino Ferrari,Imola,Italy,37
22,suzuka,Suzuka Circuit,Suzuka,Japan,45
80,vegas,Las Vegas Strip Street Circuit,Las Vegas,United States,
24,yas_marina,Yas Marina Circuit,Abu Dhabi,UAE,3
25,galvez,Autodromo Juan y Oscar Galvez,Buenos Aires,Argentina,8
26,jerez,Circuito de Jerez,Jerez de la Frontera,Spain,37
27,estoril,Autodromo do Estoril,Estoril,Portugal,130
28,okayama,Okayama International Circuit,Okayama,Japan,266
29,adelaide,Adelaide Street Circuit,Adelaide,Australia,58
30,kyalami,Kyalami,Midrand,South Africa,1460
31,donington,Donington Park,Castle Donington,UK,88
32,rodriguez,Autodromo Hermanos Rodriguez,Mexico City,Mexico,2227
33,phoenix,Phoenix street circuit,Phoenix,USA,345
34,ricard,Circuit Paul Ricard,Le Castellet,France,432
35,yeongam,Korean International Circuit,Yeongam County,Korea,0
36,jacarepagua,Autodromo Internacional Nelson Piquet,Rio de Janeiro,Brazil,1126
37,detroit,Detroit Street Circuit,Detroit,USA,177
38,brands_hatch,Brands Hatch,Kent,UK,145
39,zandvoort,Circuit Park Zandvoort,Zandvoort,Netherlands,6
40,zolder,Zolder,Heusden-Zolder,Belgium,36
41,dijon,Dijon-Prenois,Dijon,France,484
42,dallas,Fair Park,Dallas,USA,139
43,long_beach,Long Beach,California,USA,12
44,las_vegas,Las Vegas Street Circuit,Nevada,USA,639
45,jarama,Jarama,Madrid,Spain,609
46,watkins_glen,Watkins Glen,New York State,USA,485
47,anderstorp,Scandinavian Raceway,Anderstorp,Sweden,153
48,mosport,Mosport International Raceway,Ontario,Canada,332
49,montjuic,Montjuic,Barcelona,Spain,79
50,nivelles,Nivelles-Baulers,Brussels,Belgium,139
51,charade,Charade Circuit,Clermont-Ferrand,France,790
52,tremblant,Circuit Mont-Tremblant,Quebec,Canada,214
53,essarts,Rouen-Les-Essarts,Rouen,France,81
54,lemans,Le Mans,Le Mans,France,67
55,reims,Reims-Gueux,Reims,France,88
56,george,Prince George Circuit,Eastern Cape Province,South Africa,15
57,zeltweg,Zeltweg,Styria,Austria,676
58,aintree,Aintree,Liverpool,UK,20
59,boavista,Circuito da Boavista,Oporto,Portugal,28
60,riverside,Riverside International Raceway,California,USA,470
61,avus,AVUS,Berlin,Germany,53
62,monsanto,Monsanto Park Circuit,Lisbon,Portugal,158
63,sebring,Sebring International Raceway,Florida,USA,18
64,ain-diab,Ain Diab,Casablanca,Morocco,19
65,pescara,Pescara Circuit,Pescara,Italy,129
66,bremgarten,Circuit Bremgarten,Bern,Switzerland,551
67,pedralbes,Circuit de Pedralbes,Barcelona,Spain,85
68,buddh,Buddh International Circuit,Uttar Pradesh,India,194
69,americas,Circuit of the Americas,Austin,USA,161
70,red_bull_ring,Red Bull Ring,Spielberg,Austria,678
71,sochi,Sochi Autodrom,Sochi,Russia,2
73,baku,Baku City Circuit,Baku,Azerbaijan,-7
75,portimao,Autodromo Internacional do Algarve,Portimão,Portugal,108
76,mugello,Autodromo Internazionale del Mugello,Mugello,Italy,255
77,jeddah,Jeddah Corniche Circuit,Jeddah,Saudi Arabia,15
78,losail,Losail International Circuit,Al Daayen,Qatar,
79,miami,Miami International Autodrome,Miami,USA,
